-- ============================================================
-- 大学成绩管理系统 - 测试数据
-- 密码统一为 123456，MD5: e10adc3949ba59abbe56e057f20f883e
-- ============================================================

SET NAMES utf8mb4;
SET FOREIGN_KEY_CHECKS = 0;

USE grade_management;

-- ============================================================
-- 1. 角色数据
-- ============================================================
INSERT INTO sys_role (role_name, role_code, description) VALUES
('管理员', 'admin', '系统管理员'),
('教师', 'teacher', '教师角色'),
('学生', 'student', '学生角色');

-- ============================================================
-- 2. 用户数据 (密码均为 123456)
-- ============================================================
-- 管理员
INSERT INTO sys_user (username, password, real_name, role, phone, email, status) VALUES
('admin', 'e10adc3949ba59abbe56e057f20f883e', '系统管理员', 'admin', '13800000001', 'admin@edu.cn', 1);

-- 教师
INSERT INTO sys_user (username, password, real_name, role, phone, email, status) VALUES
('teacher01', 'e10adc3949ba59abbe56e057f20f883e', '张教授', 'teacher', '13800000010', 'zhangprof@edu.cn', 1),
('teacher02', 'e10adc3949ba59abbe56e057f20f883e', '李副教授', 'teacher', '13800000011', 'liprof@edu.cn', 1),
('teacher03', 'e10adc3949ba59abbe56e057f20f883e', '王讲师', 'teacher', '13800000012', 'wanglect@edu.cn', 1),
('teacher04', 'e10adc3949ba59abbe56e057f20f883e', '赵教授', 'teacher', '13800000013', 'zhaoprof@edu.cn', 1),
('teacher05', 'e10adc3949ba59abbe56e057f20f883e', '陈副教授', 'teacher', '13800000014', 'chenprof@edu.cn', 1),
('teacher06', 'e10adc3949ba59abbe56e057f20f883e', '刘讲师', 'teacher', '13800000015', 'liulect@edu.cn', 1),
('teacher07', 'e10adc3949ba59abbe56e057f20f883e', '孙教授', 'teacher', '13800000016', 'sunprof@edu.cn', 1),
('teacher08', 'e10adc3949ba59abbe56e057f20f883e', '周副教授', 'teacher', '13800000017', 'zhouprof@edu.cn', 1);

-- 学生 (计算机科学与技术专业 2022级)
INSERT INTO sys_user (username, password, real_name, role, phone, email, status) VALUES
('2022010101', 'e10adc3949ba59abbe56e057f20f883e', '赵一鸣', 'student', '13900000001', 'zhaoym@stu.edu.cn', 1),
('2022010102', 'e10adc3949ba59abbe56e057f20f883e', '钱二明', 'student', '13900000002', 'qianem@stu.edu.cn', 1),
('2022010103', 'e10adc3949ba59abbe56e057f20f883e', '孙三明', 'student', '13900000003', 'sunsm@stu.edu.cn', 1),
('2022010104', 'e10adc3949ba59abbe56e057f20f883e', '李四明', 'student', '13900000004', 'lis@stu.edu.cn', 1),
('2022010105', 'e10adc3949ba59abbe56e057f20f883e', '周五明', 'student', '13900000005', 'zhouwm@stu.edu.cn', 1),
('2022010106', 'e10adc3949ba59abbe56e057f20f883e', '吴六明', 'student', '13900000006', 'wulm@stu.edu.cn', 1),
('2022010107', 'e10adc3949ba59abbe56e057f20f883e', '郑七明', 'student', '13900000007', 'zhengqm@stu.edu.cn', 1),
('2022010108', 'e10adc3949ba59abbe56e057f20f883e', '王八明', 'student', '13900000008', 'wangbm@stu.edu.cn', 1);

-- 学生 (计算机科学与技术专业 2023级)
INSERT INTO sys_user (username, password, real_name, role, phone, email, status) VALUES
('2023010101', 'e10adc3949ba59abbe56e057f20f883e', '冯九明', 'student', '13900000009', 'fengjm@stu.edu.cn', 1),
('2023010102', 'e10adc3949ba59abbe56e057f20f883e', '陈十明', 'student', '13900000010', 'chensm@stu.edu.cn', 1),
('2023010103', 'e10adc3949ba59abbe56e057f20f883e', '褚一一', 'student', '13900000011', 'chuyy@stu.edu.cn', 1),
('2023010104', 'e10adc3949ba59abbe56e057f20f883e', '卫一二', 'student', '13900000012', 'weie@stu.edu.cn', 1),
('2023010105', 'e10adc3949ba59abbe56e057f20f883e', '蒋一三', 'student', '13900000013', 'jiangys@stu.edu.cn', 1),
('2023010106', 'e10adc3949ba59abbe56e057f20f883e', '沈一四', 'student', '13900000014', 'shenys@stu.edu.cn', 1),
('2023010107', 'e10adc3949ba59abbe56e057f20f883e', '韩一五', 'student', '13900000015', 'hanys@stu.edu.cn', 1),
('2023010108', 'e10adc3949ba59abbe56e057f20f883e', '杨一六', 'student', '13900000016', 'yangys@stu.edu.cn', 1);

-- 学生 (软件工程专业 2022级)
INSERT INTO sys_user (username, password, real_name, role, phone, email, status) VALUES
('2022020101', 'e10adc3949ba59abbe56e057f20f883e', '朱一七', 'student', '13900000017', 'zhuyq@stu.edu.cn', 1),
('2022020102', 'e10adc3949ba59abbe56e057f20f883e', '秦一八', 'student', '13900000018', 'qinyb@stu.edu.cn', 1),
('2022020103', 'e10adc3949ba59abbe56e057f20f883e', '尤一九', 'student', '13900000019', 'youyj@stu.edu.cn', 1),
('2022020104', 'e10adc3949ba59abbe56e057f20f883e', '许二零', 'student', '13900000020', 'xuex@stu.edu.cn', 1),
('2022020105', 'e10adc3949ba59abbe56e057f20f883e', '何二一', 'student', '13900000021', 'heey@stu.edu.cn', 1),
('2022020106', 'e10adc3949ba59abbe56e057f20f883e', '吕二二', 'student', '13900000022', 'luee@stu.edu.cn', 1);

-- 学生 (软件工程专业 2023级)
INSERT INTO sys_user (username, password, real_name, role, phone, email, status) VALUES
('2023020101', 'e10adc3949ba59abbe56e057f20f883e', '施二三', 'student', '13900000023', 'shiess@stu.edu.cn', 1),
('2023020102', 'e10adc3949ba59abbe56e057f20f883e', '张二四', 'student', '13900000024', 'zhanges@stu.edu.cn', 1),
('2023020103', 'e10adc3949ba59abbe56e057f20f883e', '孔二五', 'student', '13900000025', 'konges@stu.edu.cn', 1),
('2023020104', 'e10adc3949ba59abbe56e057f20f883e', '曹二六', 'student', '13900000026', 'coes@stu.edu.cn', 1),
('2023020105', 'e10adc3949ba59abbe56e057f20f883e', '严二七', 'student', '13900000027', 'yanes@stu.edu.cn', 1),
('2023020106', 'e10adc3949ba59abbe56e057f20f883e', '华二八', 'student', '13900000028', 'huaes@stu.edu.cn', 1);

-- 学生 (人工智能专业 2022级)
INSERT INTO sys_user (username, password, real_name, role, phone, email, status) VALUES
('2022030101', 'e10adc3949ba59abbe56e057f20f883e', '金二九', 'student', '13900000029', 'jinaj@stu.edu.cn', 1),
('2022030102', 'e10adc3949ba59abbe56e057f20f883e', '魏三十', 'student', '13900000030', 'weis@stu.edu.cn', 1),
('2022030103', 'e10adc3949ba59abbe56e057f20f883e', '陶三一', 'student', '13900000031', 'taosy@stu.edu.cn', 1),
('2022030104', 'e10adc3949ba59abbe56e057f20f883e', '姜三二', 'student', '13900000032', 'jiangse@stu.edu.cn', 1),
('2022030105', 'e10adc3949ba59abbe56e057f20f883e', '戚三三', 'student', '13900000033', 'qiss@stu.edu.cn', 1),
('2022030106', 'e10adc3949ba59abbe56e057f20f883e', '谢三四', 'student', '13900000034', 'xiess@stu.edu.cn', 1);

-- 学生 (人工智能专业 2023级)
INSERT INTO sys_user (username, password, real_name, role, phone, email, status) VALUES
('2023030101', 'e10adc3949ba59abbe56e057f20f883e', '邹三五', 'student', '13900000035', 'zous@stu.edu.cn', 1),
('2023030102', 'e10adc3949ba59abbe56e057f20f883e', '喻三六', 'student', '13900000036', 'yuss@stu.edu.cn', 1),
('2023030103', 'e10adc3949ba59abbe56e057f20f883e', '柏三七', 'student', '13900000037', 'baiss@stu.edu.cn', 1),
('2023030104', 'e10adc3949ba59abbe56e057f20f883e', '水三八', 'student', '13900000038', 'shuiss@stu.edu.cn', 1),
('2023030105', 'e10adc3949ba59abbe56e057f20f883e', '窦三九', 'student', '13900000039', 'dous@stu.edu.cn', 1),
('2023030106', 'e10adc3949ba59abbe56e057f20f883e', '章四十', 'student', '13900000040', 'zhangss@stu.edu.cn', 1);

-- 补充学生 (计科/软工/智能 各专业更多学生)
INSERT INTO sys_user (username, password, real_name, role, phone, email, status) VALUES
('2022010109', 'e10adc3949ba59abbe56e057f20f883e', '林小明', 'student', '13900000041', 'linxm@stu.edu.cn', 1),
('2022010110', 'e10adc3949ba59abbe56e057f20f883e', '黄大伟', 'student', '13900000042', 'huangdw@stu.edu.cn', 1),
('2022010111', 'e10adc3949ba59abbe56e057f20f883e', '周小红', 'student', '13900000043', 'zhouxh@stu.edu.cn', 1),
('2022010112', 'e10adc3949ba59abbe56e057f20f883e', '吴志强', 'student', '13900000044', 'wuzq@stu.edu.cn', 1),
('2022020107', 'e10adc3949ba59abbe56e057f20f883e', '郑晓华', 'student', '13900000045', 'zhengxh@stu.edu.cn', 1),
('2022020108', 'e10adc3949ba59abbe56e057f20f883e', '王丽娜', 'student', '13900000046', 'wangln@stu.edu.cn', 1),
('2022020109', 'e10adc3949ba59abbe56e057f20f883e', '刘建国', 'student', '13900000047', 'liujg@stu.edu.cn', 1),
('2022020110', 'e10adc3949ba59abbe56e057f20f883e', '陈思远', 'student', '13900000048', 'chensy@stu.edu.cn', 1),
('2022030107', 'e10adc3949ba59abbe56e057f20f883e', '张雨涵', 'student', '13900000049', 'zhangyh@stu.edu.cn', 1),
('2022030108', 'e10adc3949ba59abbe56e057f20f883e', '李天宇', 'student', '13900000050', 'lity@stu.edu.cn', 1),
('2023010109', 'e10adc3949ba59abbe56e057f20f883e', '杨紫萱', 'student', '13900000051', 'yangzx@stu.edu.cn', 1),
('2023010110', 'e10adc3949ba59abbe56e057f20f883e', '赵文博', 'student', '13900000052', 'zhaowb@stu.edu.cn', 1),
('2023020107', 'e10adc3949ba59abbe56e057f20f883e', '孙晓峰', 'student', '13900000053', 'sunxf@stu.edu.cn', 1),
('2023020108', 'e10adc3949ba59abbe56e057f20f883e', '马佳琪', 'student', '13900000054', 'majq@stu.edu.cn', 1),
('2023030107', 'e10adc3949ba59abbe56e057f20f883e', '朱俊杰', 'student', '13900000055', 'zhujj@stu.edu.cn', 1),
('2023030108', 'e10adc3949ba59abbe56e057f20f883e', '胡雪莹', 'student', '13900000056', 'huxy@stu.edu.cn', 1),
('2022010113', 'e10adc3949ba59abbe56e057f20f883e', '高明远', 'student', '13900000057', 'gaomy@stu.edu.cn', 1),
('2022020111', 'e10adc3949ba59abbe56e057f20f883e', '罗雅婷', 'student', '13900000058', 'luoyt@stu.edu.cn', 1),
('2022030109', 'e10adc3949ba59abbe56e057f20f883e', '韩志远', 'student', '13900000059', 'hanzy@stu.edu.cn', 1),
('2023010111', 'e10adc3949ba59abbe56e057f20f883e', '唐诗雨', 'student', '13900000060', 'tangsy@stu.edu.cn', 1);

-- ============================================================
-- 3. 专业数据
-- ============================================================
INSERT INTO department (dept_name, dept_code, description) VALUES
('计算机科学与技术', 'CS', '培养具有计算机科学理论基础的高级技术人才'),
('软件工程', 'SE', '培养具有软件开发和项目管理能力的工程人才'),
('人工智能', 'AI', '培养具有人工智能理论和应用能力的创新人才');

-- ============================================================
-- 4. 班级数据
-- ============================================================
INSERT INTO class_info (class_name, class_code, dept_id, grade_year) VALUES
('计科2201班', 'CS2201', 1, 2022),
('计科2202班', 'CS2202', 1, 2022),
('计科2301班', 'CS2301', 1, 2023),
('计科2302班', 'CS2302', 1, 2023),
('软工2201班', 'SE2201', 2, 2022),
('软工2202班', 'SE2202', 2, 2022),
('软工2301班', 'SE2301', 2, 2023),
('软工2302班', 'SE2302', 2, 2023),
('智能2201班', 'AI2201', 3, 2022),
('智能2202班', 'AI2202', 3, 2022),
('智能2301班', 'AI2301', 3, 2023),
('智能2302班', 'AI2302', 3, 2023);

-- ============================================================
-- 5. 教师信息
-- ============================================================
INSERT INTO teacher_info (user_id, teacher_no, name, gender, dept_id, title, phone, email) VALUES
(2, 'T2020001', '张教授', '男', 1, '教授', '13800000010', 'zhangprof@edu.cn'),
(3, 'T2020002', '李副教授', '男', 1, '副教授', '13800000011', 'liprof@edu.cn'),
(4, 'T2021001', '王讲师', '女', 2, '讲师', '13800000012', 'wanglect@edu.cn'),
(5, 'T2019001', '赵教授', '男', 2, '教授', '13800000013', 'zhaoprof@edu.cn'),
(6, 'T2020003', '陈副教授', '女', 3, '副教授', '13800000014', 'chenprof@edu.cn'),
(7, 'T2021002', '刘讲师', '男', 3, '讲师', '13800000015', 'liulect@edu.cn'),
(8, 'T2018001', '孙教授', '男', 1, '教授', '13800000016', 'sunprof@edu.cn'),
(9, 'T2019002', '周副教授', '女', 2, '副教授', '13800000017', 'zhouprof@edu.cn');

-- ============================================================
-- 6. 学生信息
-- ============================================================
-- 计算机科学与技术 2022级
INSERT INTO student_info (user_id, student_no, name, gender, dept_id, class_id, enrollment_year, phone, email) VALUES
(10, '2022010101', '赵一鸣', '男', 1, 1, 2022, '13900000001', 'zhaoym@stu.edu.cn'),
(11, '2022010102', '钱二明', '男', 1, 1, 2022, '13900000002', 'qianem@stu.edu.cn'),
(12, '2022010103', '孙三明', '男', 1, 1, 2022, '13900000003', 'sunsm@stu.edu.cn'),
(13, '2022010104', '李四明', '女', 1, 1, 2022, '13900000004', 'lis@stu.edu.cn'),
(14, '2022010105', '周五明', '男', 1, 2, 2022, '13900000005', 'zhouwm@stu.edu.cn'),
(15, '2022010106', '吴六明', '男', 1, 2, 2022, '13900000006', 'wulm@stu.edu.cn'),
(16, '2022010107', '郑七明', '女', 1, 2, 2022, '13900000007', 'zhengqm@stu.edu.cn'),
(17, '2022010108', '王八明', '男', 1, 2, 2022, '13900000008', 'wangbm@stu.edu.cn');

-- 计算机科学与技术 2023级
INSERT INTO student_info (user_id, student_no, name, gender, dept_id, class_id, enrollment_year, phone, email) VALUES
(18, '2023010101', '冯九明', '男', 1, 3, 2023, '13900000009', 'fengjm@stu.edu.cn'),
(19, '2023010102', '陈十明', '女', 1, 3, 2023, '13900000010', 'chensm@stu.edu.cn'),
(20, '2023010103', '褚一一', '男', 1, 3, 2023, '13900000011', 'chuyy@stu.edu.cn'),
(21, '2023010104', '卫一二', '女', 1, 3, 2023, '13900000012', 'weie@stu.edu.cn'),
(22, '2023010105', '蒋一三', '男', 1, 4, 2023, '13900000013', 'jiangys@stu.edu.cn'),
(23, '2023010106', '沈一四', '女', 1, 4, 2023, '13900000014', 'shenys@stu.edu.cn'),
(24, '2023010107', '韩一五', '男', 1, 4, 2023, '13900000015', 'hanys@stu.edu.cn'),
(25, '2023010108', '杨一六', '女', 1, 4, 2023, '13900000016', 'yangys@stu.edu.cn');

-- 软件工程 2022级
INSERT INTO student_info (user_id, student_no, name, gender, dept_id, class_id, enrollment_year, phone, email) VALUES
(26, '2022020101', '朱一七', '男', 2, 5, 2022, '13900000017', 'zhuyq@stu.edu.cn'),
(27, '2022020102', '秦一八', '男', 2, 5, 2022, '13900000018', 'qinyb@stu.edu.cn'),
(28, '2022020103', '尤一九', '女', 2, 5, 2022, '13900000019', 'youyj@stu.edu.cn'),
(29, '2022020104', '许二零', '男', 2, 6, 2022, '13900000020', 'xuex@stu.edu.cn'),
(30, '2022020105', '何二一', '女', 2, 6, 2022, '13900000021', 'heey@stu.edu.cn'),
(31, '2022020106', '吕二二', '男', 2, 6, 2022, '13900000022', 'luee@stu.edu.cn');

-- 软件工程 2023级
INSERT INTO student_info (user_id, student_no, name, gender, dept_id, class_id, enrollment_year, phone, email) VALUES
(32, '2023020101', '施二三', '男', 2, 7, 2023, '13900000023', 'shiess@stu.edu.cn'),
(33, '2023020102', '张二四', '女', 2, 7, 2023, '13900000024', 'zhanges@stu.edu.cn'),
(34, '2023020103', '孔二五', '男', 2, 7, 2023, '13900000025', 'konges@stu.edu.cn'),
(35, '2023020104', '曹二六', '女', 2, 8, 2023, '13900000026', 'coes@stu.edu.cn'),
(36, '2023020105', '严二七', '男', 2, 8, 2023, '13900000027', 'yanes@stu.edu.cn'),
(37, '2023020106', '华二八', '女', 2, 8, 2023, '13900000028', 'huaes@stu.edu.cn');

-- 人工智能 2022级
INSERT INTO student_info (user_id, student_no, name, gender, dept_id, class_id, enrollment_year, phone, email) VALUES
(38, '2022030101', '金二九', '男', 3, 9, 2022, '13900000029', 'jinaj@stu.edu.cn'),
(39, '2022030102', '魏三十', '男', 3, 9, 2022, '13900000030', 'weis@stu.edu.cn'),
(40, '2022030103', '陶三一', '女', 3, 9, 2022, '13900000031', 'taosy@stu.edu.cn'),
(41, '2022030104', '姜三二', '男', 3, 10, 2022, '13900000032', 'jiangse@stu.edu.cn'),
(42, '2022030105', '戚三三', '女', 3, 10, 2022, '13900000033', 'qiss@stu.edu.cn'),
(43, '2022030106', '谢三四', '男', 3, 10, 2022, '13900000034', 'xiess@stu.edu.cn');

-- 人工智能 2023级
INSERT INTO student_info (user_id, student_no, name, gender, dept_id, class_id, enrollment_year, phone, email) VALUES
(44, '2023030101', '邹三五', '男', 3, 11, 2023, '13900000035', 'zous@stu.edu.cn'),
(45, '2023030102', '喻三六', '女', 3, 11, 2023, '13900000036', 'yuss@stu.edu.cn'),
(46, '2023030103', '柏三七', '男', 3, 11, 2023, '13900000037', 'baiss@stu.edu.cn'),
(47, '2023030104', '水三八', '女', 3, 12, 2023, '13900000038', 'shuiss@stu.edu.cn'),
(48, '2023030105', '窦三九', '男', 3, 12, 2023, '13900000039', 'dous@stu.edu.cn'),
(49, '2023030106', '章四十', '女', 3, 12, 2023, '13900000040', 'zhangss@stu.edu.cn');

-- 补充学生 (各专业更多学生)
INSERT INTO student_info (user_id, student_no, name, gender, dept_id, class_id, enrollment_year, phone, email) VALUES
(50, '2022010109', '林小明', '男', 1, 1, 2022, '13900000041', 'linxm@stu.edu.cn'),
(51, '2022010110', '黄大伟', '男', 1, 1, 2022, '13900000042', 'huangdw@stu.edu.cn'),
(52, '2022010111', '周小红', '女', 1, 2, 2022, '13900000043', 'zhouxh@stu.edu.cn'),
(53, '2022010112', '吴志强', '男', 1, 2, 2022, '13900000044', 'wuzq@stu.edu.cn'),
(54, '2022020107', '郑晓华', '女', 2, 5, 2022, '13900000045', 'zhengxh@stu.edu.cn'),
(55, '2022020108', '王丽娜', '女', 2, 5, 2022, '13900000046', 'wangln@stu.edu.cn'),
(56, '2022020109', '刘建国', '男', 2, 6, 2022, '13900000047', 'liujg@stu.edu.cn'),
(57, '2022020110', '陈思远', '男', 2, 6, 2022, '13900000048', 'chensy@stu.edu.cn'),
(58, '2022030107', '张雨涵', '女', 3, 9, 2022, '13900000049', 'zhangyh@stu.edu.cn'),
(59, '2022030108', '李天宇', '男', 3, 9, 2022, '13900000050', 'lity@stu.edu.cn'),
(60, '2023010109', '杨紫萱', '女', 1, 3, 2023, '13900000051', 'yangzx@stu.edu.cn'),
(61, '2023010110', '赵文博', '男', 1, 3, 2023, '13900000052', 'zhaowb@stu.edu.cn'),
(62, '2023020107', '孙晓峰', '男', 2, 7, 2023, '13900000053', 'sunxf@stu.edu.cn'),
(63, '2023020108', '马佳琪', '女', 2, 7, 2023, '13900000054', 'majq@stu.edu.cn'),
(64, '2023030107', '朱俊杰', '男', 3, 11, 2023, '13900000055', 'zhujj@stu.edu.cn'),
(65, '2023030108', '胡雪莹', '女', 3, 11, 2023, '13900000056', 'huxy@stu.edu.cn'),
(66, '2022010113', '高明远', '男', 1, 2, 2022, '13900000057', 'gaomy@stu.edu.cn'),
(67, '2022020111', '罗雅婷', '女', 2, 6, 2022, '13900000058', 'luoyt@stu.edu.cn'),
(68, '2022030109', '韩志远', '男', 3, 10, 2022, '13900000059', 'hanzy@stu.edu.cn'),
(69, '2023010111', '唐诗雨', '女', 1, 4, 2023, '13900000060', 'tangsy@stu.edu.cn');

-- ============================================================
-- 7. 课程数据
-- ============================================================
-- 计算机科学与技术专业课程
INSERT INTO course (course_name, course_code, credit, hours, teacher_id, semester) VALUES
('数据结构与算法', 'CS201', 4.0, 64, 1, '2024-2025-1'),
('操作系统', 'CS202', 3.5, 56, 2, '2024-2025-1'),
('计算机网络', 'CS203', 3.0, 48, 7, '2024-2025-1'),
('数据库原理', 'CS204', 3.0, 48, 1, '2024-2025-2'),
('编译原理', 'CS205', 3.0, 48, 2, '2024-2025-2'),
('Python程序设计', 'CS101', 3.0, 48, 3, '2023-2024-1');

-- 软件工程专业课程
INSERT INTO course (course_name, course_code, credit, hours, teacher_id, semester) VALUES
('软件工程导论', 'SE201', 3.0, 48, 4, '2024-2025-1'),
('软件测试', 'SE202', 2.5, 40, 8, '2024-2025-1'),
('Web前端开发', 'SE203', 3.0, 48, 3, '2024-2025-1'),
('Java EE企业级开发', 'SE204', 3.5, 56, 4, '2024-2025-2'),
('软件项目管理', 'SE205', 2.5, 40, 8, '2024-2025-2');

-- 人工智能专业课程
INSERT INTO course (course_name, course_code, credit, hours, teacher_id, semester) VALUES
('人工智能导论', 'AI201', 3.0, 48, 5, '2024-2025-1'),
('机器学习', 'AI202', 3.5, 56, 6, '2024-2025-1'),
('深度学习', 'AI203', 3.5, 56, 5, '2024-2025-1'),
('自然语言处理', 'AI204', 3.0, 48, 6, '2024-2025-2'),
('计算机视觉', 'AI205', 3.0, 48, 5, '2024-2025-2');

-- ============================================================
-- 8. 选课数据 (每个学生至少选3-5门课)
-- ============================================================
-- 计科2201班学生选课 (学生1-4)
INSERT INTO course_selection (student_id, course_id, semester, select_time) VALUES
(1, 1, '2024-2025-1', '2024-09-01 10:00:00'),
(1, 2, '2024-2025-1', '2024-09-01 10:01:00'),
(1, 3, '2024-2025-1', '2024-09-01 10:02:00'),
(1, 4, '2024-2025-2', '2024-09-01 10:03:00'),
(2, 1, '2024-2025-1', '2024-09-01 10:04:00'),
(2, 2, '2024-2025-1', '2024-09-01 10:05:00'),
(2, 3, '2024-2025-1', '2024-09-01 10:06:00'),
(2, 4, '2024-2025-2', '2024-09-01 10:07:00'),
(3, 1, '2024-2025-1', '2024-09-01 10:08:00'),
(3, 2, '2024-2025-1', '2024-09-01 10:09:00'),
(3, 3, '2024-2025-1', '2024-09-01 10:10:00'),
(4, 1, '2024-2025-1', '2024-09-01 10:11:00'),
(4, 3, '2024-2025-1', '2024-09-01 10:12:00'),
(4, 5, '2024-2025-2', '2024-09-01 10:13:00');

-- 计科2202班学生选课 (学生5-8)
INSERT INTO course_selection (student_id, course_id, semester, select_time) VALUES
(5, 1, '2024-2025-1', '2024-09-01 10:14:00'),
(5, 2, '2024-2025-1', '2024-09-01 10:15:00'),
(5, 3, '2024-2025-1', '2024-09-01 10:16:00'),
(5, 4, '2024-2025-2', '2024-09-01 10:17:00'),
(6, 1, '2024-2025-1', '2024-09-01 10:18:00'),
(6, 2, '2024-2025-1', '2024-09-01 10:19:00'),
(6, 3, '2024-2025-1', '2024-09-01 10:20:00'),
(7, 1, '2024-2025-1', '2024-09-01 10:21:00'),
(7, 2, '2024-2025-1', '2024-09-01 10:22:00'),
(7, 3, '2024-2025-1', '2024-09-01 10:23:00'),
(7, 5, '2024-2025-2', '2024-09-01 10:24:00'),
(8, 1, '2024-2025-1', '2024-09-01 10:25:00'),
(8, 2, '2024-2025-1', '2024-09-01 10:26:00'),
(8, 3, '2024-2025-1', '2024-09-01 10:27:00'),
(8, 4, '2024-2025-2', '2024-09-01 10:28:00');

-- 计科2301班学生选课 (学生9-12)
INSERT INTO course_selection (student_id, course_id, semester, select_time) VALUES
(9, 6, '2024-2025-1', '2024-09-02 10:00:00'),
(9, 1, '2024-2025-1', '2024-09-02 10:01:00'),
(9, 2, '2024-2025-1', '2024-09-02 10:02:00'),
(10, 6, '2024-2025-1', '2024-09-02 10:03:00'),
(10, 1, '2024-2025-1', '2024-09-02 10:04:00'),
(10, 3, '2024-2025-1', '2024-09-02 10:05:00'),
(11, 6, '2024-2025-1', '2024-09-02 10:06:00'),
(11, 2, '2024-2025-1', '2024-09-02 10:07:00'),
(11, 3, '2024-2025-1', '2024-09-02 10:08:00'),
(12, 6, '2024-2025-1', '2024-09-02 10:09:00'),
(12, 1, '2024-2025-1', '2024-09-02 10:10:00'),
(12, 2, '2024-2025-1', '2024-09-02 10:11:00');

-- 计科2302班学生选课 (学生13-16)
INSERT INTO course_selection (student_id, course_id, semester, select_time) VALUES
(13, 6, '2024-2025-1', '2024-09-02 10:12:00'),
(13, 1, '2024-2025-1', '2024-09-02 10:13:00'),
(13, 3, '2024-2025-1', '2024-09-02 10:14:00'),
(14, 6, '2024-2025-1', '2024-09-02 10:15:00'),
(14, 2, '2024-2025-1', '2024-09-02 10:16:00'),
(14, 4, '2024-2025-2', '2024-09-02 10:17:00'),
(15, 6, '2024-2025-1', '2024-09-02 10:18:00'),
(15, 1, '2024-2025-1', '2024-09-02 10:19:00'),
(15, 5, '2024-2025-2', '2024-09-02 10:20:00'),
(16, 6, '2024-2025-1', '2024-09-02 10:21:00'),
(16, 3, '2024-2025-1', '2024-09-02 10:22:00'),
(16, 4, '2024-2025-2', '2024-09-02 10:23:00');

-- 软工2201班学生选课 (学生17-22, IDs in student_info 17-22)
-- Note: student_info IDs 17-22 are soft-engineering 2022
INSERT INTO course_selection (student_id, course_id, semester, select_time) VALUES
(17, 7, '2024-2025-1', '2024-09-01 11:00:00'),
(17, 8, '2024-2025-1', '2024-09-01 11:01:00'),
(17, 9, '2024-2025-1', '2024-09-01 11:02:00'),
(18, 7, '2024-2025-1', '2024-09-01 11:03:00'),
(18, 8, '2024-2025-1', '2024-09-01 11:04:00'),
(18, 9, '2024-2025-1', '2024-09-01 11:05:00'),
(19, 7, '2024-2025-1', '2024-09-01 11:06:00'),
(19, 9, '2024-2025-1', '2024-09-01 11:07:00'),
(20, 7, '2024-2025-1', '2024-09-01 11:08:00'),
(20, 8, '2024-2025-1', '2024-09-01 11:09:00'),
(20, 9, '2024-2025-1', '2024-09-01 11:10:00'),
(21, 8, '2024-2025-1', '2024-09-01 11:11:00'),
(21, 9, '2024-2025-1', '2024-09-01 11:12:00'),
(22, 7, '2024-2025-1', '2024-09-01 11:13:00'),
(22, 8, '2024-2025-1', '2024-09-01 11:14:00');

-- 软工2202班学生选课 (学生23-28, IDs 23-28)
INSERT INTO course_selection (student_id, course_id, semester, select_time) VALUES
(23, 7, '2024-2025-1', '2024-09-01 11:15:00'),
(23, 8, '2024-2025-1', '2024-09-01 11:16:00'),
(23, 10, '2024-2025-2', '2024-09-01 11:17:00'),
(24, 7, '2024-2025-1', '2024-09-01 11:18:00'),
(24, 9, '2024-2025-1', '2024-09-01 11:19:00'),
(24, 10, '2024-2025-2', '2024-09-01 11:20:00'),
(25, 8, '2024-2025-1', '2024-09-01 11:21:00'),
(25, 9, '2024-2025-1', '2024-09-01 11:22:00'),
(26, 7, '2024-2025-1', '2024-09-01 11:23:00'),
(26, 8, '2024-2025-1', '2024-09-01 11:24:00'),
(26, 9, '2024-2025-1', '2024-09-01 11:25:00'),
(27, 7, '2024-2025-1', '2024-09-01 11:26:00'),
(27, 9, '2024-2025-1', '2024-09-01 11:27:00'),
(27, 11, '2024-2025-2', '2024-09-01 11:28:00'),
(28, 8, '2024-2025-1', '2024-09-01 11:29:00'),
(28, 10, '2024-2025-2', '2024-09-01 11:30:00'),
(28, 11, '2024-2025-2', '2024-09-01 11:31:00');

-- 软工2301班学生选课 (学生29-34, IDs 29-34)
INSERT INTO course_selection (student_id, course_id, semester, select_time) VALUES
(29, 7, '2024-2025-1', '2024-09-02 11:00:00'),
(29, 8, '2024-2025-1', '2024-09-02 11:01:00'),
(29, 9, '2024-2025-1', '2024-09-02 11:02:00'),
(30, 7, '2024-2025-1', '2024-09-02 11:03:00'),
(30, 9, '2024-2025-1', '2024-09-02 11:04:00'),
(30, 10, '2024-2025-2', '2024-09-02 11:05:00'),
(31, 8, '2024-2025-1', '2024-09-02 11:06:00'),
(31, 9, '2024-2025-1', '2024-09-02 11:07:00'),
(32, 7, '2024-2025-1', '2024-09-02 11:08:00'),
(32, 8, '2024-2025-1', '2024-09-02 11:09:00'),
(32, 9, '2024-2025-1', '2024-09-02 11:10:00'),
(33, 7, '2024-2025-1', '2024-09-02 11:11:00'),
(33, 10, '2024-2025-2', '2024-09-02 11:12:00'),
(34, 8, '2024-2025-1', '2024-09-02 11:13:00'),
(34, 9, '2024-2025-1', '2024-09-02 11:14:00'),
(34, 11, '2024-2025-2', '2024-09-02 11:15:00');

-- 软工2302班学生选课 (学生35-40, IDs 35-40)
INSERT INTO course_selection (student_id, course_id, semester, select_time) VALUES
(35, 7, '2024-2025-1', '2024-09-02 11:16:00'),
(35, 8, '2024-2025-1', '2024-09-02 11:17:00'),
(35, 9, '2024-2025-1', '2024-09-02 11:18:00'),
(36, 7, '2024-2025-1', '2024-09-02 11:19:00'),
(36, 10, '2024-2025-2', '2024-09-02 11:20:00'),
(37, 8, '2024-2025-1', '2024-09-02 11:21:00'),
(37, 9, '2024-2025-1', '2024-09-02 11:22:00'),
(37, 11, '2024-2025-2', '2024-09-02 11:23:00'),
(38, 7, '2024-2025-1', '2024-09-02 11:24:00'),
(38, 8, '2024-2025-1', '2024-09-02 11:25:00'),
(39, 9, '2024-2025-1', '2024-09-02 11:26:00'),
(39, 10, '2024-2025-2', '2024-09-02 11:27:00'),
(40, 7, '2024-2025-1', '2024-09-02 11:28:00'),
(40, 11, '2024-2025-2', '2024-09-02 11:29:00');

-- 智能2201班学生选课 (学生41-44, IDs 41-44)
INSERT INTO course_selection (student_id, course_id, semester, select_time) VALUES
(41, 12, '2024-2025-1', '2024-09-01 12:00:00'),
(41, 13, '2024-2025-1', '2024-09-01 12:01:00'),
(41, 14, '2024-2025-1', '2024-09-01 12:02:00'),
(42, 12, '2024-2025-1', '2024-09-01 12:03:00'),
(42, 13, '2024-2025-1', '2024-09-01 12:04:00'),
(42, 15, '2024-2025-2', '2024-09-01 12:05:00'),
(43, 12, '2024-2025-1', '2024-09-01 12:06:00'),
(43, 14, '2024-2025-1', '2024-09-01 12:07:00'),
(44, 13, '2024-2025-1', '2024-09-01 12:08:00'),
(44, 14, '2024-2025-1', '2024-09-01 12:09:00'),
(44, 15, '2024-2025-2', '2024-09-01 12:10:00');

-- 智能2202班学生选课 (学生45-48, IDs 45-48)
INSERT INTO course_selection (student_id, course_id, semester, select_time) VALUES
(45, 12, '2024-2025-1', '2024-09-01 12:11:00'),
(45, 13, '2024-2025-1', '2024-09-01 12:12:00'),
(45, 14, '2024-2025-1', '2024-09-01 12:13:00'),
(46, 12, '2024-2025-1', '2024-09-01 12:14:00'),
(46, 13, '2024-2025-1', '2024-09-01 12:15:00'),
(46, 15, '2024-2025-2', '2024-09-01 12:16:00'),
(47, 12, '2024-2025-1', '2024-09-01 12:17:00'),
(47, 14, '2024-2025-1', '2024-09-01 12:18:00'),
(48, 13, '2024-2025-1', '2024-09-01 12:19:00'),
(48, 14, '2024-2025-1', '2024-09-01 12:20:00'),
(48, 15, '2024-2025-2', '2024-09-01 12:21:00');

-- 智能2301班学生选课 (学生49-54, IDs 49-54)
INSERT INTO course_selection (student_id, course_id, semester, select_time) VALUES
(49, 12, '2024-2025-1', '2024-09-02 12:00:00'),
(49, 13, '2024-2025-1', '2024-09-02 12:01:00'),
(49, 14, '2024-2025-1', '2024-09-02 12:02:00'),
(50, 12, '2024-2025-1', '2024-09-02 12:03:00'),
(50, 13, '2024-2025-1', '2024-09-02 12:04:00'),
(50, 15, '2024-2025-2', '2024-09-02 12:05:00'),
(51, 12, '2024-2025-1', '2024-09-02 12:06:00'),
(51, 14, '2024-2025-1', '2024-09-02 12:07:00'),
(52, 13, '2024-2025-1', '2024-09-02 12:08:00'),
(52, 14, '2024-2025-1', '2024-09-02 12:09:00'),
(52, 15, '2024-2025-2', '2024-09-02 12:10:00'),
(53, 12, '2024-2025-1', '2024-09-02 12:11:00'),
(53, 13, '2024-2025-1', '2024-09-02 12:12:00'),
(54, 14, '2024-2025-1', '2024-09-02 12:13:00'),
(54, 15, '2024-2025-2', '2024-09-02 12:14:00');

-- 智能2302班学生选课 (学生55-60, IDs 55-60)
INSERT INTO course_selection (student_id, course_id, semester, select_time) VALUES
(55, 12, '2024-2025-1', '2024-09-02 12:15:00'),
(55, 13, '2024-2025-1', '2024-09-02 12:16:00'),
(55, 14, '2024-2025-1', '2024-09-02 12:17:00'),
(56, 12, '2024-2025-1', '2024-09-02 12:18:00'),
(56, 15, '2024-2025-2', '2024-09-02 12:19:00'),
(57, 13, '2024-2025-1', '2024-09-02 12:20:00'),
(57, 14, '2024-2025-1', '2024-09-02 12:21:00'),
(58, 12, '2024-2025-1', '2024-09-02 12:22:00'),
(58, 13, '2024-2025-1', '2024-09-02 12:23:00'),
(58, 15, '2024-2025-2', '2024-09-02 12:24:00'),
(59, 14, '2024-2025-1', '2024-09-02 12:25:00'),
(59, 15, '2024-2025-2', '2024-09-02 12:26:00'),
(60, 12, '2024-2025-1', '2024-09-02 12:27:00'),
(60, 13, '2024-2025-1', '2024-09-02 12:28:00'),
(60, 14, '2024-2025-1', '2024-09-02 12:29:00');

-- ============================================================
-- 9. 成绩数据
-- ============================================================
-- 数据结构与算法 成绩 (course_id=1)
INSERT INTO score (student_id, course_id, score, semester, exam_type) VALUES
(1, 1, 92.5, '2024-2025-1', '期末考试'),
(2, 1, 85.0, '2024-2025-1', '期末考试'),
(3, 1, 78.5, '2024-2025-1', '期末考试'),
(4, 1, 68.0, '2024-2025-1', '期末考试'),
(5, 1, 95.0, '2024-2025-1', '期末考试'),
(6, 1, 72.0, '2024-2025-1', '期末考试'),
(7, 1, 88.5, '2024-2025-1', '期末考试'),
(8, 1, 55.0, '2024-2025-1', '期末考试');

-- 操作系统 成绩 (course_id=2)
INSERT INTO score (student_id, course_id, score, semester, exam_type) VALUES
(1, 2, 88.0, '2024-2025-1', '期末考试'),
(2, 2, 76.5, '2024-2025-1', '期末考试'),
(3, 2, 82.0, '2024-2025-1', '期末考试'),
(5, 2, 91.5, '2024-2025-1', '期末考试'),
(6, 2, 65.0, '2024-2025-1', '期末考试'),
(8, 2, 48.0, '2024-2025-1', '期末考试');

-- 计算机网络 成绩 (course_id=3)
INSERT INTO score (student_id, course_id, score, semester, exam_type) VALUES
(1, 3, 85.0, '2024-2025-1', '期末考试'),
(2, 3, 79.0, '2024-2025-1', '期末考试'),
(4, 3, 72.5, '2024-2025-1', '期末考试'),
(5, 3, 90.0, '2024-2025-1', '期末考试'),
(7, 3, 81.0, '2024-2025-1', '期末考试'),
(8, 3, 58.5, '2024-2025-1', '期末考试');

-- Python程序设计 成绩 (course_id=6)
INSERT INTO score (student_id, course_id, score, semester, exam_type) VALUES
(9, 6, 93.0, '2024-2025-1', '期末考试'),
(10, 6, 87.5, '2024-2025-1', '期末考试'),
(11, 6, 76.0, '2024-2025-1', '期末考试'),
(12, 6, 82.0, '2024-2025-1', '期末考试');

-- 软件工程导论 成绩 (course_id=7)
INSERT INTO score (student_id, course_id, score, semester, exam_type) VALUES
(25, 7, 89.0, '2024-2025-1', '期末考试'),
(26, 7, 78.5, '2024-2025-1', '期末考试'),
(27, 7, 85.0, '2024-2025-1', '期末考试'),
(29, 7, 72.0, '2024-2025-1', '期末考试');

-- 软件测试 成绩 (course_id=8)
INSERT INTO score (student_id, course_id, score, semester, exam_type) VALUES
(25, 8, 82.0, '2024-2025-1', '期末考试'),
(26, 8, 90.5, '2024-2025-1', '期末考试'),
(28, 8, 75.0, '2024-2025-1', '期末考试'),
(30, 8, 68.0, '2024-2025-1', '期末考试');

-- Web前端开发 成绩 (course_id=9)
INSERT INTO score (student_id, course_id, score, semester, exam_type) VALUES
(25, 9, 95.0, '2024-2025-1', '期末考试'),
(27, 9, 88.0, '2024-2025-1', '期末考试'),
(28, 9, 79.5, '2024-2025-1', '期末考试'),
(31, 9, 83.0, '2024-2025-1', '期末考试');

-- 人工智能导论 成绩 (course_id=12)
INSERT INTO score (student_id, course_id, score, semester, exam_type) VALUES
(35, 12, 91.0, '2024-2025-1', '期末考试'),
(36, 12, 84.5, '2024-2025-1', '期末考试'),
(37, 12, 77.0, '2024-2025-1', '期末考试'),
(38, 12, 88.0, '2024-2025-1', '期末考试'),
(39, 12, 72.5, '2024-2025-1', '期末考试');

-- 机器学习 成绩 (course_id=13)
INSERT INTO score (student_id, course_id, score, semester, exam_type) VALUES
(35, 13, 87.5, '2024-2025-1', '期末考试'),
(36, 13, 92.0, '2024-2025-1', '期末考试'),
(38, 13, 81.0, '2024-2025-1', '期末考试'),
(39, 13, 76.5, '2024-2025-1', '期末考试');

-- 深度学习 成绩 (course_id=14)
INSERT INTO score (student_id, course_id, score, semester, exam_type) VALUES
(35, 14, 94.0, '2024-2025-1', '期末考试'),
(37, 14, 86.0, '2024-2025-1', '期末考试'),
(38, 14, 79.0, '2024-2025-1', '期末考试'),
(40, 14, 70.5, '2024-2025-1', '期末考试');

-- 补充成绩数据
-- 数据结构与算法 补充成绩
INSERT INTO score (student_id, course_id, score, semester, exam_type) VALUES
(41, 1, 78.0, '2024-2025-1', '期末考试'),
(42, 1, 85.5, '2024-2025-1', '期末考试'),
(43, 1, 69.0, '2024-2025-1', '期末考试'),
(44, 1, 92.0, '2024-2025-1', '期末考试'),
(50, 1, 81.0, '2024-2025-1', '期末考试'),
(51, 1, 76.0, '2024-2025-1', '期末考试'),
(52, 1, 88.5, '2024-2025-1', '期末考试'),
(53, 1, 73.0, '2024-2025-1', '期末考试'),
(60, 1, 90.0, '2024-2025-1', '期末考试'),
(45, 1, 82.0, '2024-2025-1', '期末考试'),
(46, 1, 77.0, '2024-2025-1', '期末考试');

-- 操作系统 补充成绩
INSERT INTO score (student_id, course_id, score, semester, exam_type) VALUES
(41, 2, 82.0, '2024-2025-1', '期末考试'),
(42, 2, 75.0, '2024-2025-1', '期末考试'),
(43, 2, 88.0, '2024-2025-1', '期末考试'),
(44, 2, 70.0, '2024-2025-1', '期末考试'),
(50, 2, 85.0, '2024-2025-1', '期末考试'),
(51, 2, 79.0, '2024-2025-1', '期末考试'),
(60, 2, 91.0, '2024-2025-1', '期末考试'),
(47, 2, 83.0, '2024-2025-1', '期末考试');

-- 计算机网络 补充成绩
INSERT INTO score (student_id, course_id, score, semester, exam_type) VALUES
(41, 3, 76.0, '2024-2025-1', '期末考试'),
(42, 3, 89.0, '2024-2025-1', '期末考试'),
(43, 3, 82.5, '2024-2025-1', '期末考试'),
(50, 3, 78.0, '2024-2025-1', '期末考试'),
(51, 3, 85.0, '2024-2025-1', '期末考试'),
(60, 3, 93.0, '2024-2025-1', '期末考试');

-- 软件工程导论 补充成绩
INSERT INTO score (student_id, course_id, score, semester, exam_type) VALUES
(17, 7, 86.0, '2024-2025-1', '期末考试'),
(18, 7, 79.5, '2024-2025-1', '期末考试'),
(19, 7, 92.0, '2024-2025-1', '期末考试'),
(20, 7, 74.0, '2024-2025-1', '期末考试'),
(54, 7, 88.0, '2024-2025-1', '期末考试'),
(55, 7, 81.0, '2024-2025-1', '期末考试'),
(56, 7, 77.0, '2024-2025-1', '期末考试'),
(48, 7, 90.0, '2024-2025-1', '期末考试');

-- 软件测试 补充成绩
INSERT INTO score (student_id, course_id, score, semester, exam_type) VALUES
(17, 8, 83.0, '2024-2025-1', '期末考试'),
(18, 8, 76.0, '2024-2025-1', '期末考试'),
(21, 8, 91.0, '2024-2025-1', '期末考试'),
(54, 8, 79.0, '2024-2025-1', '期末考试'),
(49, 8, 85.0, '2024-2025-1', '期末考试');

-- Web前端开发 补充成绩
INSERT INTO score (student_id, course_id, score, semester, exam_type) VALUES
(17, 9, 87.0, '2024-2025-1', '期末考试'),
(18, 9, 93.0, '2024-2025-1', '期末考试'),
(20, 9, 78.0, '2024-2025-1', '期末考试'),
(55, 9, 84.0, '2024-2025-1', '期末考试'),
(48, 9, 89.0, '2024-2025-1', '期末考试');

-- 人工智能导论 补充成绩
INSERT INTO score (student_id, course_id, score, semester, exam_type) VALUES
(45, 12, 87.0, '2024-2025-1', '期末考试'),
(46, 12, 80.0, '2024-2025-1', '期末考试'),
(58, 12, 92.0, '2024-2025-1', '期末考试'),
(59, 12, 75.0, '2024-2025-1', '期末考试'),
(55, 12, 83.0, '2024-2025-1', '期末考试'),
(57, 12, 88.0, '2024-2025-1', '期末考试');

-- 机器学习 补充成绩
INSERT INTO score (student_id, course_id, score, semester, exam_type) VALUES
(41, 13, 85.0, '2024-2025-1', '期末考试'),
(42, 13, 78.0, '2024-2025-1', '期末考试'),
(58, 13, 90.0, '2024-2025-1', '期末考试'),
(59, 13, 82.0, '2024-2025-1', '期末考试'),
(55, 13, 76.0, '2024-2025-1', '期末考试'),
(56, 13, 88.0, '2024-2025-1', '期末考试');

-- 深度学习 补充成绩
INSERT INTO score (student_id, course_id, score, semester, exam_type) VALUES
(41, 14, 81.0, '2024-2025-1', '期末考试'),
(43, 14, 89.0, '2024-2025-1', '期末考试'),
(45, 14, 77.0, '2024-2025-1', '期末考试'),
(59, 14, 93.0, '2024-2025-1', '期末考试'),
(57, 14, 85.0, '2024-2025-1', '期末考试'),
(49, 14, 80.0, '2024-2025-1', '期末考试');
